SampleDepth;cN;cC;C.N.ratio;North;East
0;0.28;6.61;23.6;7130777.346;730178.642
0;0.49;12.21;24.9;7133579.844;729133.506
0;1.11;41.52;37.4;7132175.543;734386.939
0;0.67;49.38;73.7;7133576.358;728776.144
0;0.69;20.34;29.5;7131481.073;735429.704
0;1.05;47.15;44.9;7132182.979;732982.304
0;0.93;41.27;44.4;7129032.066;736129.927
0;2.15;49.96;23.2;7133233.652;731928.777
0;1.32;47.02;35.6;7133582.162;731577.026
0;1;51.79;51.8;7128333.618;733682.331
0;1.41;42.34;30;7133228.362;732627.825
0;1.09;47.8;43.9;7130075.123;732627.086
0;1.17;50.09;42.8;7133233.649;731232.186
0;0.96;22.39;23.3;7130080.551;733678.794
0;0.89;37.55;42.2;7134283.796;734033.112
0;0.91;50;54.9;7131479.747;731230.743
0;0.81;40.87;50.5;7134275.298;728428.778
0;1.05;51.36;48.9;7133234.035;734727.859
0;1.19;47.52;39.9;7133227.676;730179.602
0;0.59;22.55;38.2;7131490.936;730881.776
0;0.85;34.69;40.8;7131142.539;733680.999
0;0.98;47.6;48.6;7133234.126;733326.016
0;0.95;30.37;32;7130081.203;735077.931
0;0.55;26.65;48.5;7129731.594;730880.065
0;1.18;46.01;39;7134286.336;731930.622
0;0.79;39.13;49.5;7131833.152;731928.569
0;1.04;39.43;37.9;7133572.514;733332.604
0;1.14;47.85;42;7135334.096;729478.407
0;1;41.63;41.6;7130427.434;730525.962
0;1.33;41.13;30.9;7127983.019;734716.799
0;1.12;42.09;37.6;7132532.438;732628.812
0;0.9;49.59;55.1;7131138.837;731234.468
0;1.13;34.47;30.5;7132532.311;734031.344
0;1.36;49.66;36.5;7133229.01;730532.824
0;0.68;28.86;42.4;7130776.267;729831.519
0;0.63;19.54;31;7132534.834;729833.045
0;1.23;35.63;29;7128685.322;735083.353
0;1.12;36.15;32.3;7130429.92;733329.944
0;0.62;23.34;37.6;7132528.151;732279.73
0;0.88;42.35;48.1;7133225.33;734040.027
0;0.62;22.5;36.3;7131129.72;735429.805
0;1.18;40.63;34.4;7133579.087;731933.101
0;0.85;44.62;52.5;7134281.586;728080.971
0;1.06;42.31;39.9;7132530.872;729482.831
0;0.99;39.54;39.9;7133934.105;727030.635
0;1.08;40.75;37.7;7129379.655;733328.932
0;1.16;47.72;41.1;7132881.509;735434.012
0;0.79;21.68;27.4;7134280.982;727730.294
0;0.67;18.83;28.1;7129732.856;731230.72
0;1.19;30.27;25.4;7133593.27;732973.851
0;1.19;28.15;23.7;7128335.35;736131.359
0;1.39;38.62;27.8;7132189.692;734710.538
0;1.01;35.01;34.7;7133579.641;730533.869
0;1.3;47.91;36.9;7133931.387;736485.276
0;0.99;41.28;41.7;7127984.32;736140.935
0;1.02;49.16;48.2;7134278.794;733685.349
0;0.89;46;51.7;7129034.116;735782.39
0;1.22;45.52;37.3;7128687.695;734035.137
0;0.89;33.92;38.1;7130782.523;731934.504
0;0.9;28.3;31.4;7130428.14;734379.664
0;1.17;40.97;35;7132882.08;731229.808
0;0.98;45.5;46.4;7132530.056;733682.465
0;0.96;45.83;47.7;7133584.543;730177.258
0;0.81;38.99;48.1;7132186.76;733331.292
0;0.78;29.71;38.1;7131130.636;734026.951
0;1.66;51;30.7;7128334.503;734029.094
0;0.73;22.03;30.2;7132883.626;729831.377
0;1.54;41.07;26.7;7133584.845;736130.614
0;1.86;49.01;26.3;7133227.538;730882.06
0;0.76;29.76;39.2;7131823.537;731577.724
0;0.78;39.17;50.2;7130083.918;736829.121
0;1.17;34.46;29.5;7130082.429;734028.075
0;1.07;45.62;42.6;7129383.082;735781.155
0;0.85;30.65;36.1;7130086.164;736492.783
0;1.07;38.57;36;7129032.972;730878.313
0;1.12;48.79;43.6;7129034.365;734376.428
0;0.91;39.39;43.3;7137782.125;733329.956
0;1.32;39.2;29.7;7136034.844;729480.076
0;1.07;39.03;36.5;7138135.675;733678.22
0;1.15;43.64;37.9;7134982.384;729127.849
0;1.59;50.49;31.8;7137781.002;731581.858
0;0.83;36.86;44.4;7135685.023;732282.698
0;0.82;33.94;41.4;7134979.224;732979.309
0;0.75;31.64;42.2;7137432.873;732993.875
0;1.06;36.31;34.3;7138133.334;734033.096
0;0.81;35.64;44;7137082.223;734378.245
0;1.52;40.55;26.7;7135328.897;732635.371
0;0.51;18.48;36.2;7136380.787;733326.858
0;1.07;45.74;42.7;7137080.836;730877.995
0;0.91;38.69;42.5;7137434.02;733312.608
0;1.04;51.46;49.5;7137427.874;731575.439
0;0.92;42.74;46.5;7136734.163;731583.743
0;0.66;22.86;34.6;7134631.799;729133.342
0;1.08;51.96;48.1;7137084;731576.984
0;1.13;43.01;38.1;7136732.22;731931.267
0;0.73;38.19;52.3;7137081.485;732280.286
0;1.03;38.59;37.5;7137432.667;731924.401
0;0.52;18.57;35.7;7136029.111;730178.979
0;1.11;36.77;33.1;7137431.299;734378.933
0;0.85;32.72;38.5;7136377.567;729479.418
0;0.87;27.3;31.4;7136035.836;727725.403
0;0.91;42.02;46.2;7136738.105;732276.898
0;1.35;42.26;31.3;7136730.445;732630.881
0;1.11;48.35;43.6;7137085.545;735080.48
0;0.91;29.26;32.2;7136733.117;734380.683
0;1.13;36.37;32.2;7137779.8;732982.17
0;1.52;57.54;37.9;7137080.032;732630.807
0;1.76;52.05;29.6;7135690.631;730881.708
0;0.84;37.05;44.1;7135328.591;731578.738
0;1.74;48.28;27.7;7137078.664;734729.592
0;0.97;48.41;49.9;7136732.369;734733.644
0;1.5;55.13;36.8;7134978.911;730179.168
0;1.32;47.14;35.7;7136380.792;730174.837
0;1.01;44.24;43.8;7138130.739;731230.116
0;1.22;46.96;38.5;7137784.195;734728.978
0;0.63;22.9;36.3;7137088.87;734029.077
0;0.7;27.41;39.2;7134982.361;734732.519
0;1.04;35.76;34.4;7136729.434;734032.089
0;1.23;52.48;42.7;7137082.916;729831.134
0;1.41;38.99;27.7;7134628.006;733333.377
0;1.24;40.47;32.6;7135331.985;735082.318
0;0.6;18.45;30.8;7138133.424;732280.852
0;1.06;37.15;35;7136034.896;732980.404
0;1.03;42.99;41.7;7134984.011;734377.015
0;1.5;51.22;34.1;7133583.53;730879.925
0;1.03;41.33;40.1;7134981.239;728780.223
0;2.03;51.99;25.6;7135331.2;730878.853
0;0.79;45.19;57.2;7136031.537;733331.059
0;1.77;56.37;31.8;7134981.927;730531.38
0;1.08;29.79;27.6;7134631.282;727381.978
0;1.03;49.7;48.3;7135334.914;731927.126
0;1.64;38.66;23.6;7133928.935;732634.392
0;1.08;42.22;39.1;7136021.577;731926.315
0;1.06;38.6;36.4;7135685.066;731933.321
0;1.01;45.14;44.7;7135683.977;731237.042
0;1.05;37.55;35.8;7134631.875;727727.57
0;1.62;50.27;31;7135332.099;729829.734
0;0.79;35.34;44.7;7135683.262;731581.976
0;0.68;27.13;39.9;7136034.155;731576.608
0;0.91;46.9;51.5;7136385.629;730524.506
0;0.86;25.13;29.2;7132880.565;731935.495
0;0.83;36.16;43.6;7135682.996;732633.623
0;1.1;46.19;42;7137084.182;731227.894
0;0.78;29.53;37.9;7136036.643;730530.59
0;0.99;48.91;49.4;7135338.588;732280.594
0;1.42;46.21;32.5;7136380.949;734734.5
0;0.89;35.57;40;7134982.976;727725.068
0;0.89;32.16;36.1;7134631.009;728779.691
0;1.45;50.81;35;7136383.094;729829.321
0;0.78;30.3;38.8;7132530.531;735431.999
0;1.91;45.94;24.1;7135335.226;728435.047
0;1.14;41.57;36.5;7134983.717;735782.45
0;1.07;43.11;40.3;7134629.639;730179.322
0;1.62;38.7;23.9;7137775.302;734368.856
0;0.71;28.38;40;7135328.08;733680.821
0;1.95;51.84;26.6;7134983.614;731924.427
0;0.98;30.51;31.1;7135351.675;735428.472
0;1.24;48.55;39.2;7136033.356;729830.644
0;1.18;51.35;43.5;7136033.612;734729.785
0;0.94;37.73;40.1;7128331.229;735080.598
0;2.1;54.09;25.8;7137433.175;730180.984
0;1.06;34.07;32.1;7135330.577;734025.028
0;0.66;25.91;39.3;7135677.187;733680.288
0;1.37;47.65;34.8;7136030.51;727381.114
0;0.54;49.36;91.4;7137433.872;734725.609
0;1.19;42.53;35.7;7137082.887;729481.273
0;0.62;20.21;32.6;7136730.795;729481.169
0;0.64;33.9;53;7129733.02;735431.166
0;0.96;50;52.1;7129381.709;731230.057
0;1.09;39.4;36.1;7132877.314;732632.972
0;1.17;50.17;42.9;7130069.659;735780.147
0;0.83;45.32;54.6;7129734.071;734028.011
0;0.73;34.45;47.2;7129728.786;735771.216
0;1.02;48.67;47.7;7131824.163;732979.017
0;0.84;30.68;36.5;7137080.573;733679.129
0;1.06;36.48;34.4;7127986.143;735780.773
0;0.8;43.99;55;7133930.484;731230.02
0;2.15;39.9;18.6;7133232.247;734378.727
0;0.57;29.72;52.1;7130427.422;734729.191
0;1.26;44.75;35.5;7131828.784;730177.873
0;1.04;43.82;42.1;7129730.698;733678.339
0;0.62;26.18;42.2;7132883.287;731578.159
0;0.69;25.81;37.4;7134630.612;732981.952
0;0.71;25.21;35.5;7133587.492;735774.275
0;1.04;39.78;38.3;7130435.704;735772.723
0;0.89;48.42;54.4;7133929.849;731582.081
0;0.87;26.6;30.6;7130780.96;734730.833
0;1.01;33.17;32.8;7132533.354;730880.151
0;0.92;45.33;49.3;7134632.81;731571.93
0;0.74;37.46;50.6;7132182.223;731579.302
0;0.53;24.87;46.9;7134281.092;730882.544
0;0.94;34.74;37;7133589.944;734736.639
0;1.52;51.56;33.9;7134630.866;731930.209
0;0.94;38.54;41;7132535.864;731928.16
0;0.93;33.4;35.9;7133930.214;733689.269
0;0.88;37.14;42.2;7130788.309;730538.104
0;0.98;26.65;27.2;7128332.216;735429.105
0;0.89;47.9;53.8;7136738.183;729829.802
0;2.12;54.03;25.5;7135333.048;731229.105
0;0.93;33.02;35.5;7134284.312;729480.102
0;1.37;45.05;32.9;7138483.695;732631.472
0;0.73;36.71;50.3;7128685.594;736131.768
0;1.27;48.19;37.9;7133232.641;733680.573
0;1.09;44.69;41;7132529.63;731581.177
0;0.95;46.91;49.4;7133931.208;735085.369
0;1.02;41.76;40.9;7135682.235;729830.516
0;0.59;22.55;38.2;7130429.528;731929.796
0;0.89;45.52;51.1;7134631.929;730528.738
0;1.23;43.5;35.4;7128333.12;735781.338
0;0.83;43.9;52.9;7132884.035;732277.414
0;1;36.49;36.5;7128682.303;735430.8
0;1.25;48.51;38.8;7133224.315;732279.272
0;1.14;48.97;43;7133927.093;728420.6
0;0.92;45.94;49.9;7137088.151;731936.199
0;1.21;48.45;40;7133236.881;735782.295
0;1.07;34.34;32.1;7130781.607;734382.123
0;0.66;32.15;48.7;7130431.066;730181.297
0;0.71;35.99;50.7;7133204.258;731611.094
0;0.72;20.29;28.2;7134281.941;735436.425
0;1.07;36.12;33.8;7130081.14;736136.945
0;1.23;42.16;34.3;7131481.41;732278.391
0;1.08;44.42;41.1;7129733.321;732628.713
0;1.04;46.08;44.3;7136740.304;731224.918
0;0.47;17.62;37.5;7128682.011;735789.567
0;1.02;31.85;31.2;7129028.418;734728.613
0;1.37;45.2;33;7134626.777;735768.299
0;0.66;26.3;39.8;7132180.57;735781.509
0;1.06;50.63;47.8;7132529.488;731227.832
0;1.3;51.14;39.3;7134275.783;735081.208
0;1.01;50.93;50.4;7134279.03;731222.068
0;1.17;44.93;38.4;7130083.767;730882.685
0;0.96;28.37;29.6;7134271.763;732630.598
0;1.4;32.72;23.4;7133932.606;731936.463
0;1.14;51.24;44.9;7130782.645;735778.404
0;0.83;41.97;50.6;7130083.424;731229.77
0;0.95;32.53;34.2;7130430.196;732976.239
0;1.33;48.4;36.4;7136727.643;735081.911
0;1.21;45.08;37.3;7132180.344;731932.458
0;0.98;48.96;50;7129735.813;735081.25
0;1.56;51.07;32.7;7136732.417;732967.088
0;0.46;47.92;104.2;7136723.216;730531.861
0;2.41;53.3;22.1;7137432.422;734022.913
0;1.41;47.28;33.5;7137077.845;729133.044
0;1.4;51.81;37;7136731.37;730179.998
0;1.39;48.39;34.8;7135327.572;727379.488
0;1.3;33.61;25.9;7132886.77;733334.965
0;2.44;51.8;21.2;7138131.956;731934.14
0;1.12;40.98;36.6;7132536.328;735779.722
0;0.96;39.81;41.5;7135689.856;729123.4
0;0.95;41.91;44.1;7132182.118;729481.945
0;1;25.43;25.4;7130429.85;730879.456
0;1.52;47.65;31.3;7133581.587;735079.572
0;0.93;34.24;36.8;7128329.887;734717.649
0;2.02;43.98;21.8;7135682.299;732985.252
0;1.46;49.8;34.1;7135680.432;727728.89
0;1.38;40.97;29.7;7134982.07;735420.05
0;0.88;32.56;37;7131132.309;730177.252
0;1.1;41.17;37.4;7131132.366;734737.198
0;1.57;31.12;19.8;7132886.845;730183.833
0;0.93;42.13;45.3;7132877.386;730525.835
0;0.86;48.95;56.9;7131130.472;732982.991
0;0.98;45.96;46.9;7134981.878;728081.832
0;0.83;37.77;45.5;7134643.946;734041.543
0;0.82;34.6;42.2;7130779.768;733680.768
0;1.33;51.49;38.7;7137434.768;730883.393
0;1.55;50.51;32.6;7135329.039;730179.024
0;1.82;49.44;27.2;7135684.825;733328.213
0;1.13;44.66;39.5;7132531.276;730180.416
0;1.18;49.49;41.9;7130080.332;731926.787
0;1.31;47.9;36.6;7127982.483;734033.41
0;1.01;43.49;43.1;7132882.195;732979.121
0;1.4;43.54;31.1;7129729.804;731931.474
0;1.88;52.69;28;7138494.814;731924.215
0;1.17;39.3;33.6;7131138.107;734364.881
0;1.32;37.39;28.3;7131127.927;733328.184
0;1.33;48.94;36.8;7127984.549;735080.133
0;0.97;28.23;29.1;7129028.4;733681.35
0;0.87;38.35;44.1;7134983.541;735086.565
0;1.17;41.23;35.2;7133577.408;728431.301
0;1.09;45.76;42;7129031.449;734029.522
0;0.8;24.66;30.8;7129032.622;735083.226
0;1.33;47.4;35.6;7130431.181;731229.983
0;1.1;41.89;38.1;7131831.816;734030.064
0;1.17;35.16;30.1;7134626.668;735083.106
0;1.12;49.5;44.2;7133936.654;730530.531
0;1.25;50.51;40.4;7138131.973;731579.353
0;1.32;46.8;35.5;7134981.553;728430.897
0;0.95;31.12;32.8;7130431.944;732283.39
0;1.36;43.67;32.1;7129384.303;735432.324
0;0.82;36.08;44;7129382.184;735081.428
0;1.15;40.46;35.2;7136039.815;733667.87
0;0.67;21.2;31.6;7134633.167;733677.66
0;0.78;31.78;40.7;7133930.646;728783.227
0;1.09;43.44;39.9;7134630.07;729477.999
0;1.3;49.07;37.7;7128680.029;734376.634
0;0.82;41.55;50.7;7129381.348;733683.208
0;1.38;47.98;34.8;7134633.8;728432.239
0;0.85;29.83;35.1;7130431.052;735079.63
0;0.87;33.6;38.6;7131831.488;729827.603
0;1.21;41.97;34.7;7130778.194;735431.235
0;0.62;26.3;42.4;7129729.396;734729.393
0;0.74;27.63;37.3;7132183.145;733679.468
0;0.95;37.73;39.7;7131477.171;734379.544
0;0.56;18.47;33;7130430.452;733681.564
0;1.19;45.17;38;7131479.313;733330.582
0;0.96;46.57;48.5;7129729.477;732980.373
0;1.41;48.6;34.5;7134280.582;730530.428
0;1.36;46.11;33.9;7134280.652;735778.924
0;0.92;27.31;29.7;7130079.688;734728.667
0;1.41;44.17;31.3;7137786.142;733676.274
0;1;26.45;26.5;7134631.245;729834.803
0;1.31;49.92;38.1;7130079.839;730528.453
0;1.03;39.63;38.5;7130082.508;731576.77
0;1.08;41.26;38.2;7134626.796;735433.169
0;1.03;43.01;41.8;7136731.25;733329.144
0;1.13;43.06;38.1;7137432.301;733678.655
0;0.86;42.69;49.6;7129730.865;730177.102
0;1.12;45.64;40.8;7134281.646;734729.937
0;1.07;40.98;38.3;7135682.362;734378.529
0;1.27;40.8;32.1;7132177.652;735080.94
0;1.38;51.72;37.5;7135682.348;730172.836
0;0.71;26.18;36.9;7138137.463;733332.384
0;1.01;46.91;46.4;7137083.991;733337.561
0;1.15;37.97;33;7137432.458;735081.485
0;1.29;47.91;37.1;7129731.898;733327.195
0;1.03;46.31;45;7134987.413;732279.374
0;0.8;26.49;33.1;7131130.178;736130.255
0;0.9;32.06;35.6;7132886.207;736127.745
0;0.79;33.73;42.7;7134272.809;728779.12
0;0.91;50.9;55.9;7130082.7;730176.519
0;1.6;53.25;33.3;7134981.289;729479.615
0;0.83;31.32;37.7;7130433.72;735428.337
0;0.84;50.82;60.5;7135328.683;727727.143
0;1.23;42.9;34.9;7136729.575;729131.774
0;0.66;44.36;67.2;7130082.637;734380.942
0;0.77;21.94;28.5;7136036.337;732633.192
0;1.19;48.13;40.4;7131132.483;731931.373
0;1.12;47.89;42.8;7137434.453;732630.518
0;1.67;46.75;28;7133933.131;732984.2
0;1.16;41.87;36.1;7134288.462;732975.964
0;1;34.01;34;7134983.58;730882.686
0;0.67;31.09;46.4;7132187.065;732286.043
0;1.19;39.28;33;7131836.105;735424.707
0;1.51;48.18;31.9;7137779.743;732630.094
0;1.02;44.86;44;7129731.424;730531.668
0;0.97;21.01;21.7;7132522.897;734385.255
0;0.62;17.97;29;7133230.314;735431.616
0;1.29;50.8;39.4;7134986.681;731229.118
0;0.8;46.98;58.7;7134964.781;733681.325
0;0.93;32.51;35;NA;NA
0;1.01;50.69;50.2;7137085.699;730175.561
0;1.4;42.29;30.2;7134631.513;732630.067
0;1.13;43.17;38.2;7130782.147;730878.533
0;1.32;39.04;29.6;7135331.168;734730.088
0;1.13;41.4;36.6;7133927.866;733329.217
0;1;49.13;49.1;7131486.775;731578.015
0;0.85;39.4;46.4;7135679.207;730532.711
0;0.95;43.19;45.5;7129381.574;730876.914
0;0.8;43.55;54.4;7134635.787;731226.406
0;1.51;36.54;24.2;7133583.721;736483.503
0;1.44;43.72;30.4;7134976.513;732626.1
0;0.96;40.74;42.4;7137784.892;732283.786
0;0.82;28.31;34.5;7136028.994;732273.975
0;1;30.48;30.5;7135678.624;734732.261
0;0.85;28.33;33.3;7134283.302;733329.635
0;1.12;44.01;39.3;7132529.148;736122.245
0;1.32;44.71;33.9;7134632.302;730885.808
0;1.51;51.7;34.2;7133233.194;735083.716
0;1.18;48.94;41.5;7129729.836;731577.961
0;0.79;33.57;42.5;7138134.876;732982.077
0;1.21;42.4;35;7134627.205;728076.956
0;0.95;44.05;46.4;7136035.145;730879.434
0;0.72;55.07;76.5;7136387.285;730877.076
0;0.99;30.82;31.1;7133230.338;736482.569
0;0.86;26.87;31.2;7131485.971;735779.221
0;1.12;36.61;32.7;7134279.832;729131.21
0;1.64;40.65;24.8;7133234.071;728432.386
0;1.29;38.34;29.7;7130083.168;733329.549
0;0.81;39.84;49.2;7136027.225;731228.928
0;0.78;38.32;49.1;7134987.059;734029.407
0;0.98;41.4;42.2;7131478.449;730527.381
0;0.65;24.77;38.1;7135327.603;732982.049
0;0.76;23.82;31.3;7136029.457;734032.198
0;1.54;40.28;26.2;7133580.27;728079.307
0;0.94;37.21;39.6;7133581.407;734031.549
0;1.2;44.18;36.8;7130084.585;732980.328
0;0.89;32.06;36;7135332.129;734378.53
0;1.07;52.09;48.7;7136384.909;731582.833
0;0.63;49.55;78.7;7137088.311;730529.815
0;0.83;34.2;41.2;7133933.798;735780.128
0;0.93;42.4;45.6;7131482.309;731930.188
0;1.03;43.56;42.3;7131829.063;733679.672
0;1.24;40.36;32.5;7132179.211;735454.614
0;0.98;47.6;48.6;7136377.364;734028.728
0;0.86;41.83;48.6;7131128.669;731584.864
0;0.82;27.92;34;7136382.601;732625.902
0;0.92;35.18;38.2;7135334.281;733330.581
0;1.16;48.5;41.8;7131834.472;730871.567
0;1.19;37.21;31.3;7137782.164;730880.205
0;0.96;39.72;41.4;7137087.53;732978.842
0;0.96;50.51;52.6;7131831.51;731228.335
0;1.11;48.71;43.9;7133931.857;730176.628
0;0.76;49.37;65;7134636.669;732279.89
0;0.76;48.62;64;7137411.928;732270.212
0;2.19;48.91;22.3;7132180.997;732624.295
0;0.74;29.35;39.7;7133581.272;733677.059
0;1.32;37.04;28.1;7133582.2;732281.06
0;1.31;37.05;28.3;7134279.634;729833.29
0;0.91;45.71;50.2;7127637.293;734729.557
0;0.85;34.63;40.7;7134277.928;732277.009
0;0.65;24.61;37.9;7131482.02;734032.546
0;0.98;27.76;28.3;7130076.933;732277.493
0;1.11;46.9;42.3;7133231.917;729479.895
0;0.56;20.66;36.9;7133586.555;731226.988
0;1.22;44;36.1;7131130.888;732280.222
0;1.09;28.37;26;7133931.24;729830.999
0;1.42;45.22;31.8;7133921.785;728082.498
0;1.1;43.18;39.3;7131839.415;734380.606
0;0.61;52.97;86.8;7129383.515;730529.537
0;0.62;28.74;46.4;7130782.748;731578.179
0;1.77;40.36;22.8;7133928.258;734030.946
0;1.03;35.41;34.4;7130429.446;731581.77
0;0.82;50.85;62;7134283.484;731582.165
0;1.21;45.99;38;7130782.312;733331.039
0;0.73;23.33;32;7129732.793;732280.5
0;0.93;32.32;34.75268817;7135325.87;729133.54
0;1.31;48.05;36.67938931;7134980.584;731580.908
0;1;44.33;44.33;7130430.83;732633.766
10;0.05;0.94;18.8;7138483.695;732631.472
10;0.04;0.7;17.5;7138130.739;731230.116
10;0.07;1.58;22.6;7138133.424;732280.852
10;0.07;1.75;25;7138135.675;733678.22
10;0.05;1.41;28.2;7138133.334;734033.096
10;0.06;1.38;23;7137779.8;732982.17
10;0.04;1.22;30.5;7137782.125;733329.956
10;0.1;2.43;24.3;7137775.302;734368.856
10;0.03;1.01;33.7;7137784.195;734728.978
10;0.05;1.68;33.6;7137431.322;730528.552
10;0.06;1.78;29.7;7137432.667;731924.401
10;0.05;1.45;29;7137432.873;732993.875
10;0.05;1.18;23.6;7137434.02;733312.608
10;0.11;3.1;28.2;7137431.299;734378.933
10;0.03;0.75;25;7137082.887;729481.273
10;0.05;1.5;30;7137080.836;730877.995
10;0.05;1.65;33;7137084.182;731227.894
10;0.04;0.71;17.8;7137084;731576.984
10;0.05;1.48;29.6;7137088.151;731936.199
10;0.04;1.13;28.3;7137081.485;732280.286
10;0.05;1.48;29.6;7137080.573;733679.129
10;0.05;1.45;29;7137088.87;734029.077
10;0.04;1.69;42.3;7137082.223;734378.245
10;0.03;0.71;23.7;7137078.664;734729.592
10;0.02;0.57;28.5;7136730.795;729481.169
10;0.04;1.36;34;7136738.183;729829.802
10;0.08;2.42;30.3;7136740.304;731224.918
10;0.06;1.48;24.7;7136734.163;731583.743
10;0.07;2.81;40.1;7136732.22;731931.267
10;0.04;0.98;24.5;7136738.105;732276.898
10;0.08;1.57;19.6;7136730.445;732630.881
10;0.04;0.72;18;7136729.434;734032.089
10;0.07;1.89;27;7136733.117;734380.683
10;0.06;1.62;27;7136732.369;734733.644
10;0.04;0.98;24.5;7136727.643;735081.911
10;0.03;0.82;27.3;7136377.567;729479.418
10;0.1;3.52;35.2;7136380.792;730174.837
10;0.04;0.98;24.5;7136385.629;730524.506
10;0.05;1.79;35.8;7136380.787;733326.858
10;0.09;2;22.2;7136380.949;734734.5
10;0.08;2.36;29.5;7136030.51;727381.114
10;0.05;1.66;33.2;7136035.836;727725.403
10;0.07;1.63;23.3;7136034.844;729480.076
10;0.13;3.69;28.4;7136029.111;730178.979
10;0.04;0.86;21.5;7136036.643;730530.59
10;0.06;2.21;36.8;7136034.155;731576.608
10;0.15;4.83;32.2;7136021.577;731926.315
10;0.03;0.76;25.3;7136034.896;732980.404
10;0.04;1.49;37.3;7136031.537;733331.059
10;0.09;2.72;30.2;7135682.16;729478.274
10;0.04;1.3;32.5;7135682.235;729830.516
10;0.05;1.35;27;7135683.977;731237.042
10;0.04;1.1;27.5;7135683.262;731581.976
10;0.15;4.59;30.6;7135685.066;731933.321
10;0.05;1.26;25.2;7135685.023;732282.698
10;0.03;1.01;33.7;7135682.996;732633.623
10;0.05;1.72;34.4;7135677.187;733680.288
10;0.03;0.66;22;7135683.327;734030.498
10;0.06;2.34;39;7135334.096;729478.407
10;0.08;3.11;38.9;7135333.048;731229.105
10;0.05;1.7;34;7135328.591;731578.738
10;0.24;8.6;35.8;7135334.914;731927.126
10;0.04;1.49;37.3;7135338.588;732280.594
10;0.06;1.1;18.3;7135328.897;732635.371
10;0.07;2.26;32.3;7135328.08;733680.821
10;0.05;1.12;22.4;7135330.577;734025.028
10;0.08;1.89;23.6;7135331.985;735082.318
10;0.17;4.85;28.5;7135351.675;735428.472
10;0.05;1.22;24.4;7134980.251;727381.779
10;0.12;3.56;29.7;7134982.976;727725.068
10;0.08;3.89;48.6;7134981.239;728780.223
10;0.03;0.89;29.7;7134982.384;729127.849
10;0.1;3.47;34.7;7134980.584;731580.908
10;0.03;1.1;36.7;7134979.224;732979.309
10;0.2;5.98;29.9;7134984.011;734377.015
10;0.09;1.97;21.9;7134982.361;734732.519
10;0.1;3.32;33.2;7134983.717;735782.45
10;0.03;0.74;24.7;7134631.282;727381.978
10;0.04;1.07;26.8;7134631.875;727727.57
10;0.03;0.91;30.3;7134631.009;728779.691
10;0.03;1.08;36;7134631.799;729133.342
10;0.03;0.81;27;7134629.639;730179.322
10;0.06;2.39;39.8;7134631.929;730528.738
10;0.03;1.07;35.7;7134632.81;731571.93
10;0.06;2.18;36.3;7134630.612;732981.952
10;0.05;1.22;24.4;7134628.006;733333.377
10;0.03;0.84;28;7134626.777;735768.299
10;0.07;2.21;31.6;7134280.982;727730.294
10;0.06;2.2;36.7;7134281.586;728080.971
10;0.05;1.83;36.6;7134275.298;728428.778
10;0.04;1.92;48;7134284.312;729480.102
10;0.09;3.64;40.4;7134279.634;729833.29
10;0.01;0.85;85;7134281.092;730882.544
10;0.02;0.93;46.5;7134279.03;731222.068
10;0.02;0.86;43;7134286.336;731930.622
10;0.03;1;33.3;7134277.928;732277.009
10;0.09;3.35;37.2;7134271.763;732630.598
10;0.02;0.68;34;7134278.794;733685.349
10;0.09;2.38;26.4;7134283.796;734033.112
10;0.07;1.89;27;7134281.941;735436.425
10;0.03;0.81;27;7133934.105;727030.635
10;0.1;3.25;32.5;7133921.785;728082.498
10;0.04;0.94;23.5;7133931.24;729830.999
10;0.03;0.92;30.7;7133930.484;731230.02
10;0.02;0.8;40;7133929.849;731582.081
10;0.43;10.81;25.1;7133932.606;731936.463
10;0.04;0.56;14;7133928.935;732634.392
10;0.04;0.97;24.3;7133930.214;733689.269
10;0.05;2.14;42.8;7133931.208;735085.369
10;0.07;2.49;35.6;7133931.387;736485.276
10;0.04;2.71;67.8;7133576.358;728776.144
10;0.2;4.56;22.8;7133579.844;729133.506
10;0.04;1.63;40.8;7133584.543;730177.258
10;0.04;1.58;39.5;7133579.641;730533.869
10;0.02;1.13;56.5;7133583.53;730879.925
10;0.04;1.11;27.8;7133586.555;731226.988
10;0.07;2.03;29;7133582.162;731577.026
10;0.03;0.88;29.3;7133579.087;731933.101
10;0.07;2.66;38;7133582.2;732281.06
10;0.6;15.87;26.5;7133593.27;732973.851
10;0.06;1.22;20.3;7133572.514;733332.604
10;0.03;1.63;54.3;7133589.944;734736.639
10;0.05;1.41;28.2;7133587.492;735774.275
10;0.1;2.67;26.7;7133584.845;736130.614
10;0.07;2.35;33.6;7133231.917;729479.895
10;0.05;1.61;32.2;7133227.676;730179.602
10;0.02;0.5;25;7133229.01;730532.824
10;0.12;4.09;34.1;7133227.538;730882.06
10;0.03;0.7;23.3;7133233.649;731232.186
10;0.03;0.71;23.7;7133204.258;731611.094
10;0.05;1.85;37;7133233.652;731928.777
10;0.05;1.24;24.8;7133224.315;732279.272
10;0.06;1.67;27.8;7133228.362;732627.825
10;0.05;1.78;35.6;7133234.126;733326.016
10;0.09;1.48;16.4;7133232.247;734378.727
10;0.03;0.87;29;7133234.035;734727.859
10;0.09;2.64;29.3;7133236.881;735782.295
10;0.07;1.73;24.7;7132883.626;729831.377
10;0.06;1.03;17.2;7132882.08;731229.808
10;0.03;0.72;24;7132883.287;731578.159
10;0.12;3.31;27.6;7132880.565;731935.495
10;0.05;1.85;37;7132884.035;732277.414
10;0.1;2.53;25.3;7132877.314;732632.972
10;0.09;3.82;42.4;7132881.509;735434.012
10;0.08;1.91;23.9;7132530.872;729482.831
10;0.11;2.51;22.8;7132534.834;729833.045
10;0.03;0.79;26.3;7132533.354;730880.151
10;0.03;1.09;36.3;7132529.488;731227.832
10;0.03;1.15;38.3;7132529.63;731581.177
10;0.06;1.65;27.5;7132535.864;731928.16
10;0.17;4.64;27.3;7132528.151;732279.73
10;0.23;6.26;27.2;7132532.438;732628.812
10;0.11;2.47;22.5;7132530.056;733682.465
10;0.07;1.1;15.7;7132532.311;734031.344
10;0.05;0.5;10;7132182.223;731579.302
10;0.1;2.63;26.3;7132180.344;731932.458
10;0.12;2.61;21.8;7132182.979;732982.304
10;0.08;1.29;16.1;7132186.76;733331.292
10;0.08;1.29;16.1;7132175.543;734386.939
10;0.06;0.84;14;7132189.692;734710.538
10;0.04;1.52;38;7132180.57;735781.509
10;0.11;2.83;25.7;7131828.784;730177.873
10;0.06;1.7;28.3;7131823.537;731577.724
10;0.08;2.3;28.8;7131833.152;731928.569
10;0.13;2.01;15.5;7131824.163;732979.017
10;0.11;2.92;26.5;7131839.415;734380.606
10;0.09;2.12;23.6;7131490.936;730881.776
10;0.05;1.17;23.4;7131479.747;731230.743
10;0.1;2.08;20.8;7131481.41;732278.391
10;0.05;1.02;20.4;7131484.966;732633.028
10;0.04;1.14;28.5;7131482.02;734032.546
10;0.05;0.72;14.4;7131480.374;735079.501
10;0.06;1.15;19.2;7131481.073;735429.704
10;0.11;4.41;40.1;7131138.837;731234.468
10;0.05;1.13;22.6;7131142.539;733680.999
10;0.06;0.69;11.5;7131130.636;734026.951
10;0.09;2.93;32.6;7131129.72;735429.805
10;0.03;0.9;30;7130776.267;729831.519
10;0.11;2.57;23.4;7130788.309;730538.104
10;0.05;1.05;21;7130782.748;731578.179
10;0.09;1.78;19.8;7130782.523;731934.504
10;0.07;1.22;17.4;7130782.312;733331.039
10;0.1;1.45;14.5;7130781.607;734382.123
10;0.15;3.36;22.4;7130780.96;734730.833
10;0.15;2.84;18.9;7130782.645;735778.404
10;0.02;0.76;38;7130431.066;730181.297
10;0.06;1.6;26.7;7130427.434;730525.962
10;0.09;2.33;25.9;7130429.446;731581.77
10;0.05;1.86;37.2;7130429.528;731929.796
10;0.09;1.91;21.2;7130430.196;732976.239
10;0.09;1.68;18.7;7130429.92;733329.944
10;0.09;1.53;17;7130428.14;734379.664
10;0.11;3.06;27.8;7130427.422;734729.191
10;0.05;1.43;28.6;7130435.704;735772.723
10;0.07;1.41;20.1;7130083.767;730882.685
10;0.05;1.4;28;7130083.424;731229.77
10;0.08;1.56;19.5;7130076.933;732277.493
10;0.1;1.41;14.1;7130080.551;733678.794
10;0.06;1.13;18.8;7130082.429;734028.075
10;0.03;0.3;10;7130081.203;735077.931
10;0.03;1.01;33.7;7130082.779;735431.108
10;0.06;2.56;42.7;7130069.659;735780.147
10;0.04;1.05;26.3;7130081.14;736136.945
10;0.02;0.35;17.5;7130086.164;736492.783
10;0.05;1.58;31.6;7130083.918;736829.121
10;0.06;1.47;24.5;7129731.594;730880.065
10;0.08;1.62;20.3;7129732.856;731230.72
10;0.02;0.39;19.5;7129732.793;732280.5
10;0.04;1.19;29.8;7129730.698;733678.339
10;0.05;1.15;23;7129734.071;734028.011
10;0.09;2.7;30;7129735.813;735081.25
10;0.03;0.94;31.3;7129733.02;735431.166
10;0.05;1.43;28.6;7129728.786;735771.216
10;0.04;2.52;63;7129383.515;730529.537
10;0.06;1.46;24.3;7129379.655;733328.932
10;0.04;1.09;27.3;7129383.082;735781.155
10;0.16;5.05;31.6;7129034.365;734376.428
10;0.04;0.99;24.8;7129028.418;734728.613
10;0.04;0.88;22;7129034.116;735782.39
10;0.02;0.47;23.5;7129032.066;736129.927
10;0.11;4.15;37.7;7128681.078;733684.961
10;0.29;9.63;33.2;7128687.695;734035.137
10;0.11;5.14;46.7;7128685.322;735083.353
10;0.04;1.09;27.3;7128682.303;735430.8
10;0.06;1.78;29.7;7128682.011;735789.567
10;0.05;0.86;17.2;7128685.594;736131.768
10;0.09;1.72;19.1;7128331.229;735080.598
10;0.09;2.27;25.2;7128333.12;735781.338
10;0.09;2.01;22.3;7128335.35;736131.359
10;0.07;2.83;40.4;7127983.019;734716.799
10;0.08;2.36;29.5;7127986.143;735780.773
10;0.07;1.61;23;7127984.32;736140.935
10;0.15;5.43;36.2;7127622.47;734381.138
10;0.05;2.45;49;7127637.293;734729.557
20;0.16;4.59;28.7;7138483.695;732631.472
20;0.07;1.44;20.6;7138130.739;731230.116
20;0.06;1.33;22.2;7138133.424;732280.852
20;0.03;0.69;23;7138135.675;733678.22
20;0.04;0.65;16.3;7138133.334;734033.096
20;0.07;1.68;24;7137779.8;732982.17
20;0.07;1.74;24.9;7137782.125;733329.956
20;0.15;3.66;24.4;7137775.302;734368.856
20;0.1;2.29;22.9;7137784.195;734728.978
20;0.06;1.57;26.2;7137431.322;730528.552
20;0.06;1.65;27.5;7137432.667;731924.401
20;0.05;1.4;28;7137432.873;732993.875
20;0.09;1.99;22.1;7137434.02;733312.608
20;0.11;2.28;20.7;7137431.299;734378.933
20;0.07;1.64;23.4;7137082.887;729481.273
65;0.01;0.24;24;7137082.887;729481.273
20;0.12;3.2;26.7;7137080.836;730877.995
20;0.12;3.97;33.1;7137084.182;731227.894
20;0.08;2.37;29.6;7137084;731576.984
20;0.03;0.81;27;7137088.151;731936.199
20;0.05;1.87;37.4;7137081.485;732280.286
20;0.04;1.07;26.8;7137080.573;733679.129
20;0.12;3.99;33.3;7137088.87;734029.077
20;0.02;0.79;39.5;7137082.223;734378.245
20;0.03;0.71;23.7;7137078.664;734729.592
20;0.06;1.38;23;7136730.795;729481.169
65;0.02;0.24;12;7136730.795;729481.169
20;0.01;0.15;15;7136738.183;729829.802
20;0.02;0.56;28;7136740.304;731224.918
20;0.1;2.76;27.6;7136734.163;731583.743
20;0.1;2.39;23.9;7136738.105;732276.898
20;0.09;1.71;19;7136730.445;732630.881
20;0.03;0.67;22.3;7136729.434;734032.089
20;0.04;1;25;7136733.117;734380.683
20;0.09;2.02;22.4;7136732.369;734733.644
20;0.09;2.08;23.1;7136727.643;735081.911
20;0.06;1.54;25.7;7136377.567;729479.418
20;0.13;4.03;31;7136380.792;730174.837
20;0.08;1.78;22.3;7136385.629;730524.506
20;0.06;1.95;32.5;7136380.787;733326.858
65;0.01;0.2;20;7136380.787;733326.858
20;0.06;1.07;17.8;7136380.949;734734.5
20;0.12;3.19;26.6;7136030.51;727381.114
20;0.1;3.15;31.5;7136035.836;727725.403
20;0.04;1.02;25.5;7136034.844;729480.076
20;0.07;1.85;26.4;7136029.111;730178.979
20;0.02;0.57;28.5;7136036.643;730530.59
20;0.05;1.28;25.6;7136034.155;731576.608
20;0.24;8.44;35.2;7136021.577;731926.315
20;0.1;2.52;25.2;7136034.896;732980.404
20;0.04;1.38;34.5;7136031.537;733331.059
20;0.07;2.05;29.3;7135682.16;729478.274
20;0.06;1.78;29.7;7135682.235;729830.516
20;0.09;2.31;25.7;7135683.977;731237.042
20;0.05;1.41;28.2;7135683.262;731581.976
20;0.14;4.57;32.6;7135685.066;731933.321
20;0.05;1.07;21.4;7135685.023;732282.698
20;0.02;0.6;30;7135682.996;732633.623
20;0.03;1.04;34.7;7135677.187;733680.288
20;0.02;0.64;32;7135683.327;734030.498
20;0.04;1.44;36;7135334.096;729478.407
20;0.09;2.73;30.3;7135333.048;731229.105
20;0.04;1.36;34;7135338.588;732280.594
20;0.05;1.27;25.4;7135328.897;732635.371
20;0.04;1.5;37.5;7135328.08;733680.821
20;0.07;1.87;26.7;7135330.577;734025.028
20;0.06;1.43;23.8;7135331.985;735082.318
20;0.07;1.76;25.1;7135351.675;735428.472
20;0.05;1.34;26.8;7134980.251;727381.779
20;0.08;2.11;26.4;7134982.976;727725.068
20;0.09;3.05;33.9;7134981.239;728780.223
20;0.04;1.27;31.8;7134982.384;729127.849
20;0.03;0.85;28.3;7134980.584;731580.908
20;0.09;2.46;27.3;7134979.224;732979.309
20;0.24;6.48;27;7134984.011;734377.015
20;0.05;1.07;21.4;7134982.361;734732.519
20;0.08;2.86;35.8;7134983.717;735782.45
20;0.1;2.75;27.5;7134631.282;727381.978
20;0.08;2.37;29.6;7134631.875;727727.57
20;0.03;0.73;24.3;7134631.009;728779.691
20;0.06;1.72;28.7;7134631.799;729133.342
20;0.05;1.34;26.8;7134629.639;730179.322
20;0.01;0.42;42;7134632.81;731571.93
20;0.08;2.32;29;7134630.612;732981.952
20;0.06;1.52;25.3;7134628.006;733333.377
20;0.05;1.39;27.8;7134626.777;735768.299
20;0.06;2.08;34.7;7134280.982;727730.294
20;0.05;1.33;26.6;7134281.586;728080.971
20;0.05;1.23;24.6;7134275.298;728428.778
20;0.03;1.16;38.7;7134284.312;729480.102
20;0.06;1.7;28.3;7134279.634;729833.29
20;0.02;0.96;48;7134281.092;730882.544
20;0.05;1.74;34.8;7134279.03;731222.068
20;0.02;0.52;26;7134286.336;731930.622
20;0.06;1.77;29.5;7134277.928;732277.009
20;0.06;2.2;36.7;7134271.763;732630.598
20;0.1;2.44;24.4;7134278.794;733685.349
20;0.06;2.24;37.3;7134283.796;734033.112
20;0.03;0.86;28.7;7134281.941;735436.425
20;0.05;1.3;26;7133934.105;727030.635
20;0.06;1.65;27.5;7133921.785;728082.498
20;0.05;1.11;22.2;7133931.24;729830.999
20;0.05;1.53;30.6;7133930.484;731230.02
20;0.06;2.18;36.3;7133929.849;731582.081
20;0.25;5.19;20.8;7133932.606;731936.463
20;0.03;0.54;18;7133928.935;732634.392
20;0.1;2.72;27.2;7133930.214;733689.269
20;0.05;1.9;38;7133931.208;735085.369
20;0.08;2.29;28.6;7133931.387;736485.276
20;0.03;1.59;53;7133576.358;728776.144
20;0.11;2.36;21.5;7133579.844;729133.506
20;0.07;1.84;26.3;7133584.543;730177.258
20;0.04;1.82;45.5;7133579.641;730533.869
20;0.01;0.75;75;7133583.53;730879.925
20;0.06;1.35;22.5;7133586.555;731226.988
20;0.03;0.9;30;7133582.162;731577.026
20;0.03;0.69;23;7133579.087;731933.101
20;0.04;1.64;41;7133582.2;732281.06
20;0.47;12.49;26.6;7133593.27;732973.851
20;0.03;0.48;16;7133572.514;733332.604
20;0.05;2.02;40.4;7133589.944;734736.639
20;0.09;2.66;29.6;7133587.492;735774.275
20;0.07;1.51;21.6;7133584.845;736130.614
20;0.06;1.94;32.3;7133231.917;729479.895
20;0.04;1.04;26;7133227.676;730179.602
20;0.02;0.47;23.5;7133229.01;730532.824
20;0.05;1.55;31;7133227.538;730882.06
20;0.03;0.82;27.3;7133233.649;731232.186
20;0.07;1.66;23.7;7133204.258;731611.094
20;0.05;1.73;34.6;7133233.652;731928.777
20;0.07;2.17;31;7133224.315;732279.272
20;0.02;0.36;18;7133228.362;732627.825
20;0.05;1.53;30.6;7133234.126;733326.016
20;0.04;0.85;21.3;7133232.247;734378.727
20;0.04;1.14;28.5;7133234.035;734727.859
20;0.08;1.93;24.1;7133236.881;735782.295
20;0.04;0.72;18;7132883.626;729831.377
20;0.11;2.92;26.5;7132882.08;731229.808
20;0.06;1.4;23.3;7132883.287;731578.159
20;0.05;1.46;29.2;7132880.565;731935.495
20;0.02;0.71;35.5;7132884.035;732277.414
20;0.05;0.97;19.4;7132877.314;732632.972
20;0.04;0.64;16;7132530.872;729482.831
20;0.07;1.32;18.9;7132534.834;729833.045
20;0.02;0.32;16;7132533.354;730880.151
20;0.03;0.95;31.7;7132529.488;731227.832
20;0.02;0.54;27;7132529.63;731581.177
20;0.03;1.08;36;7132535.864;731928.16
20;0.06;0.98;16.3;7132528.151;732279.73
20;0.08;1.92;24;7132532.438;732628.812
20;0.09;1.67;18.6;7132530.056;733682.465
20;0.07;1.07;15.3;7132532.311;734031.344
20;0.04;0.33;8.3;7132182.223;731579.302
20;0.06;1.33;22.2;7132180.344;731932.458
20;0.04;0.56;14;7132182.979;732982.304
20;0.04;0.55;13.8;7132186.76;733331.292
20;0.04;0.66;16.5;7132175.543;734386.939
20;0.04;0.69;17.3;7132189.692;734710.538
20;0.05;1.25;25;7132180.57;735781.509
20;0.05;0.99;19.8;7131828.784;730177.873
20;0.03;0.53;17.7;7131823.537;731577.724
20;0.05;0.9;18;7131833.152;731928.569
20;0.04;0.66;16.5;7131824.163;732979.017
20;0.04;0.65;16.3;7131839.415;734380.606
20;0.05;1.66;33.2;7129733.321;732628.713
20;0.04;0.87;21.8;7131490.936;730881.776
20;0.05;0.73;14.6;7131481.41;732278.391
20;0.03;0.48;16;7131484.966;732633.028
20;0.02;0.53;26.5;7131482.02;734032.546
20;0.03;0.35;11.7;7131480.374;735079.501
20;0.06;1.46;24.3;7131481.073;735429.704
20;0.04;0.75;18.8;7131138.837;731234.468
20;0.03;0.41;13.7;7131142.539;733680.999
20;0.05;0.33;6.6;7131130.636;734026.951
20;0.04;0.8;20;7131129.72;735429.805
20;0.01;0.28;28;7130776.267;729831.519
20;0.07;1.64;23.4;7130777.346;730178.642
20;0.05;0.88;17.6;7130788.309;730538.104
20;0.02;0.39;19.5;7130782.748;731578.179
20;0.03;0.37;12.3;7130782.523;731934.504
20;0.03;0.19;6.3;7130782.312;733331.039
20;0.03;0.29;9.7;7130781.607;734382.123
20;0.06;0.89;14.8;7130780.96;734730.833
20;0.17;2.89;17;7130782.645;735778.404
20;0.01;0.27;27;7130431.066;730181.297
20;0.04;0.85;21.3;7130427.434;730525.962
20;0.03;0.42;14;7130429.446;731581.77
20;0.05;3.36;67.2;7130429.528;731929.796
20;0.05;0.79;15.8;7130430.196;732976.239
20;0.05;0.58;11.6;7130429.92;733329.944
20;0.05;0.71;14.2;7130428.14;734379.664
20;0.06;0.71;11.8;7130427.422;734729.191
20;0.11;2.57;23.4;7130435.704;735772.723
20;0.04;1.03;25.8;7130083.767;730882.685
20;0.02;0.39;19.5;7130083.424;731229.77
20;0.1;2.22;22.2;7130076.933;732277.493
20;0.1;1.48;14.8;7130080.551;733678.794
20;0.03;0.46;15.3;7130082.429;734028.075
20;0.04;0.46;11.5;7130081.203;735077.931
20;0.02;0.27;13.5;7130082.779;735431.108
20;0.03;0.8;26.7;7130069.659;735780.147
20;0.07;1.59;22.7;7130081.14;736136.945
20;0.04;0.98;24.5;7130086.164;736492.783
20;0.08;1.9;23.8;7130083.918;736829.121
20;0.02;0.28;14;7129731.594;730880.065
20;0.06;1;16.7;7129732.856;731230.72
20;0.02;0.45;22.5;7129732.793;732280.5
20;0.03;0.64;21.3;7129730.698;733678.339
20;0.03;0.68;22.7;7129734.071;734028.011
20;0.04;0.82;20.5;7129735.813;735081.25
20;0.02;0.74;37;7129733.02;735431.166
20;0.03;0.84;28;7129728.786;735771.216
20;0.02;0.93;46.5;7129383.515;730529.537
20;0.1;3.01;30.1;7129379.655;733328.932
20;0.11;3.75;34.1;7129034.365;734376.428
20;0.03;0.55;18.3;7129028.418;734728.613
20;0.04;0.69;17.3;7129034.116;735782.39
20;0.02;0.58;29;7129032.066;736129.927
20;0.08;2.89;36.1;7128681.078;733684.961
20;0.06;2.18;36.3;7128687.695;734035.137
20;0.06;1.96;32.7;7128685.322;735083.353
20;0.07;2.02;28.9;7128682.303;735430.8
20;0.02;0.59;29.5;7128682.011;735789.567
20;0.03;0.26;8.7;7128685.594;736131.768
20;0.07;1.24;17.7;7128331.229;735080.598
20;0.05;1.2;24;7128333.12;735781.338
20;0.05;1.52;30.4;7127983.019;734716.799
20;0.03;0.43;14.3;7127984.32;736140.935
20;0.09;2.34;26;7127622.47;734381.138
20;0.07;2.96;42.3;7127637.293;734729.557
10;0.1;2.93;29.3;7129032.972;730878.313
20;0.24;7.32;30.5;7133232.641;733680.573
20;0.03;1.08;36;7133225.33;734040.027
20;0.02;0.44;22;7129383.082;735781.155
20;0.07;2.3;32.9;7129032.972;730878.313
65;0;0.07;NA;7134987.059;734029.407
65;0.01;0.34;34;7134983.541;735086.565
65;0.01;0.36;36;7134627.205;728076.956
65;0.18;4.03;22.38888889;7134631.245;729834.803
65;0.02;0.48;24;7134632.302;730885.808
65;0.01;0.47;47;7134635.787;731226.406
65;0.01;0.3;30;7134631.513;732630.067
65;0;0.07;NA;7134643.946;734041.543
65;0.01;0.18;18;7138134.876;732982.077
65;0.02;0.28;14;7138137.463;733332.384
65;0.01;0.11;11;7137784.892;732283.786
65;0.05;1.86;37.2;7137779.743;732630.094
65;0.03;1.1;36.66666667;7137786.142;733676.274
65;0.01;0.37;37;7137437.938;729829.171
65;0.01;0.12;12;7137411.928;732270.212
65;0.02;0.44;22;7137434.453;732630.518
65;0.05;0.93;18.6;7137432.301;733678.655
65;0.01;0.21;21;7137432.458;735081.485
65;0.01;0.29;29;7137085.699;730175.561
65;0.06;1.86;31;7137087.53;732978.842
65;0.02;0.38;19;7137083.991;733337.561
65;0.01;0.35;35;7136729.575;729131.774
65;0.01;0.29;29;7136387.285;730877.076
65;0.01;0.25;25;7136382.601;732625.902
65;0.04;1.03;25.75;7136377.364;734028.728
65;0.01;0.29;29;7136027.225;731228.928
65;0.01;0.29;29;7136036.337;732633.192
65;0.02;0.24;12;7136029.457;734032.198
65;0.01;0.28;28;7135689.856;729123.4
65;0.01;0.41;41;7135679.207;730532.711
65;0.01;0.34;34;7135678.624;734732.261
65;0.01;0.26;26;7135325.87;729133.54
65;0.03;0.69;23;7135327.603;732982.049
65;0.02;0.48;24;7135331.168;734730.088
65;0.03;1.68;56;7134981.878;728081.832
65;0.01;0.49;49;7134983.58;730882.686
65;0.01;0.69;69;7134986.681;731229.118
65;0.01;0.36;36;7134964.781;733681.325
10;0.05;1.12;22.4;7138134.876;732982.077
10;0.04;0.72;18;7138137.463;733332.384
10;0.05;1.18;23.6;7137782.164;730880.205
10;0.03;0.51;17;7137784.892;732283.786
10;0.04;0.98;24.5;7137779.743;732630.094
10;0.13;4.01;30.84615385;7137786.142;733676.274
10;0.03;0.74;24.66666667;7137437.938;729829.171
10;0.03;0.48;16;7137411.928;732270.212
10;0.15;4.88;32.53333333;7137434.453;732630.518
10;0.18;5.28;29.33333333;7137432.301;733678.655
10;0.07;1.71;24.42857143;7137432.458;735081.485
10;0.05;1;20;7137077.845;729133.044
10;0.02;0.7;35;7137085.699;730175.561
10;0.07;2.27;32.42857143;7137087.53;732978.842
10;0.03;0.74;24.66666667;7137083.991;733337.561
10;0.04;1.42;35.5;7136729.575;729131.774
10;0.06;1.83;30.5;7136731.25;733329.144
10;0.03;0.74;24.66666667;7136387.285;730877.076
10;0.05;1.02;20.4;7136382.601;732625.902
10;0.06;2.18;36.33333333;7136377.364;734028.728
10;0.03;1.49;49.66666667;7136035.145;730879.434
10;0.04;1.4;35;7136027.225;731228.928
10;0.08;2.21;27.625;7136028.994;732273.975
10;0.06;1.48;24.66666667;7136036.337;732633.192
10;0.06;1.32;22;7136029.457;734032.198
10;0.03;0.67;22.33333333;7135679.798;727380.354
10;0.05;1.39;27.8;7135689.856;729123.4
10;0.06;2.1;35;7135682.348;730172.836
10;0.06;3.82;63.66666667;7135679.207;730532.711
10;0.06;1.84;30.66666667;7135682.362;734378.529
10;0.04;0.99;24.75;7135678.624;734732.261
10;0.04;1.39;34.75;7135325.87;729133.54
10;0.04;1.03;25.75;7135327.603;732982.049
10;0.06;4.44;74;7135334.281;733330.581
10;0.04;1.1;27.5;7135332.129;734378.53
10;0.09;2.78;30.88888889;7135331.168;734730.088
10;0.04;1.88;47;7134981.878;728081.832
10;0.47;15.36;32.68085106;7134981.553;728430.897
10;0.07;2.55;36.42857143;7134983.58;730882.686
10;0.05;2.74;54.8;7134986.681;731229.118
10;0.06;1.84;30.66666667;7134987.413;732279.374
10;0.03;0.84;28;7134964.781;733681.325
10;0.04;1.37;34.25;7134987.059;734029.407
10;0.04;1.13;28.25;7134983.541;735086.565
10;0.04;0.84;21;7134982.07;735420.05
10;0.08;2.18;27.25;7134627.205;728076.956
10;0.07;3.1;44.28571429;7134633.8;728432.239
10;0.05;1.43;28.6;7134630.07;729477.999
10;0.15;4.54;30.26666667;7134631.245;729834.803
10;0.06;1.65;27.5;7134632.302;730885.808
10;0.03;1.05;35;7134635.787;731226.406
10;0.03;0.69;23;7134631.513;732630.067
10;0.1;3.26;32.6;7134633.167;733677.66
10;0.03;0.81;27;7134643.946;734041.543
10;0.04;0.75;18.75;7134626.668;735083.106
10;0.1;2.03;20.3;7134626.796;735433.169
10;0.01;0.16;16;7134272.809;728779.12
10;0.07;2.5;35.71428571;7134279.832;729131.21
10;0.09;2.14;23.77777778;7134288.462;732975.964
10;0.08;2.29;28.625;7134283.302;733329.635
10;0.06;1.98;33;7134281.646;734729.937
10;0.04;0.72;18;7134280.652;735778.924
10;0.03;0.91;30.33333333;7133930.646;728783.227
10;0.06;1.94;32.33333333;7133931.857;730176.628
10;0.08;2.19;27.375;7133933.131;732984.2
10;0.04;1.26;31.5;7133927.866;733329.217
10;0.04;0.81;20.25;7133933.798;735780.128
10;0.19;5.08;26.73684211;7133580.27;728079.307
10;0.05;1.67;33.4;7133577.408;728431.301
10;0.07;2.92;41.71428571;7133581.272;733677.059
10;0.03;1.03;34.33333333;7133581.407;734031.549
10;0.04;1.21;30.25;7133581.587;735079.572
10;0.03;0.72;24;7133577.628;735431.417
10;0.07;1.65;23.57142857;7133583.721;736483.503
10;0.21;4.76;22.66666667;7133234.071;728432.386
10;0.14;3.46;24.71428571;7133232.641;733680.573
10;0.05;1.81;36.2;7133225.33;734040.027
10;0.24;7.03;29.29166667;7133233.194;735083.716
10;0.02;0.42;21;7133230.314;735431.616
10;0.03;0.77;25.66666667;7133230.338;736482.569
10;0.13;4.54;34.92307692;7132877.386;730525.835
10;0.08;1.99;24.875;7132882.195;732979.121
10;0.1;1.44;14.4;7132886.77;733334.965
10;0.07;2.28;32.57142857;7132886.207;736127.745
10;0.11;2.19;19.90909091;7132531.276;730180.416
10;0.13;2.36;18.15384615;7132522.897;734385.255
10;0.04;1.04;26;7132536.328;735779.722
10;0.06;1.32;22;7132187.065;732286.043
10;0.04;0.51;12.75;7132183.145;733679.468
10;0.04;0.7;17.5;7132177.652;735080.94
10;0.1;1.78;17.8;7132179.211;735454.614
10;0.09;2.67;29.66666667;7131831.488;729827.603
10;0.07;1.94;27.71428571;7131834.472;730871.567
10;0.08;1.61;20.125;7132886.845;730183.833
10;0.09;3.04;33.77777778;7131831.51;731228.335
10;0.13;3.03;23.30769231;7131829.063;733679.672
10;0.07;2.18;31.14285714;7131831.816;734030.064
10;0.1;2.48;24.8;7131836.105;735424.707
10;0.04;1.25;31.25;7131478.449;730527.381
10;0.05;1.63;32.6;7131486.775;731578.015
10;0.09;3.2;35.55555556;7131482.309;731930.188
10;0.03;0.39;13;7131479.313;733330.582
10;0.05;1.41;28.2;7131477.171;734379.544
10;0.06;1.63;27.16666667;7131485.971;735779.221
10;0.02;0.63;31.5;7131132.309;730177.252
10;0.05;1.56;31.2;7131128.669;731584.864
10;0.07;2.48;35.42857143;7131132.483;731931.373
10;0.16;3.68;23;7131138.107;734364.881
10;0.08;2.2;27.5;7131132.366;734737.198
10;0.06;1.7;28.33333333;7131130.178;736130.255
10;0.08;1.86;23.25;7130782.147;730878.533
10;0.08;2.08;26;7130779.768;733680.768
10;0.1;2.86;28.6;7130778.194;735431.235
10;0.08;1.46;18.25;7130429.85;730879.456
10;0.1;2.76;27.6;7130431.181;731229.983
10;0.1;2.49;24.9;7130431.944;732283.39
10;0.1;2.73;27.3;7130430.83;732633.766
10;0.02;0.41;20.5;7130430.452;733681.564
10;0.05;0.86;17.2;7130431.052;735079.63
10;0.04;1.04;26;7130433.72;735428.337
10;0.09;3.89;43.22222222;7130082.7;730176.519
10;0.08;1.91;23.875;7130079.839;730528.453
10;0.08;2.89;36.125;7130082.508;731576.77
10;0.03;1.14;38;7130080.332;731926.787
10;0.07;2.32;33.14285714;7130084.585;732980.328
10;0.05;1.43;28.6;7130083.168;733329.549
10;0.09;2.06;22.88888889;7130082.637;734380.942
10;0.1;2.4;24;7130079.688;734728.667
10;0.13;5.21;40.07692308;7129730.865;730177.102
10;0.08;3;37.5;7129731.424;730531.668
10;0.06;2.18;36.33333333;7129729.836;731577.961
10;0.07;1.86;26.57142857;7129729.804;731931.474
10;0.08;2.87;35.875;7129729.477;732980.373
10;0.09;3.15;35;7129731.898;733327.195
10;0.03;0.92;30.66666667;7129729.396;734729.393
10;0.07;2.25;32.14285714;7129381.574;730876.914
10;0.04;1.22;30.5;7129382.184;735081.428
10;0.27;7.09;26.25925926;7129384.303;735432.324
10;0.02;0.56;28;7129028.4;733681.35
10;0.25;7.02;28.08;7129031.449;734029.522
10;0.05;1.18;23.6;7129032.622;735083.226
10;0.04;1.06;26.5;7128329.887;734717.649
10;0.03;0.79;26.33333333;7127982.483;734033.41
10;0.09;6.5;72.22222222;7127984.549;735080.133
20;0.06;1.85;30.83333333;7138134.876;732982.077
20;0.06;1.67;27.83333333;7138137.463;733332.384
20;0.06;1.62;27;7137782.164;730880.205
20;0.04;0.84;21;7137784.892;732283.786
20;0.22;5.98;27.18181818;7137779.743;732630.094
20;0.12;3.54;29.5;7137786.142;733676.274
20;0.05;1.29;25.8;7137437.938;729829.171
20;0.02;0.18;9;7137411.928;732270.212
20;0.28;6.53;23.32142857;7137434.453;732630.518
20;0.09;1.93;21.44444444;7137432.458;735081.485
20;0.03;0.68;22.66666667;7137077.845;729133.044
20;0.05;1.31;26.2;7137085.699;730175.561
20;0.09;2.44;27.11111111;7137087.53;732978.842
20;0.06;1.66;27.66666667;7137083.991;733337.561
20;0.12;3.13;26.08333333;7136729.575;729131.774
20;0.03;0.54;18;7136731.25;733329.144
20;0.06;1.78;29.66666667;7136387.285;730877.076
20;0.06;1.36;22.66666667;7136382.601;732625.902
20;0.08;2.19;27.375;7136377.364;734028.728
20;0.03;1.2;40;7136035.145;730879.434
20;0.04;1.38;34.5;7136027.225;731228.928
20;0.06;1.43;23.83333333;7136036.337;732633.192
20;0.06;1.65;27.5;7136029.457;734032.198
20;0.09;2.92;32.44444444;7135689.856;729123.4
20;0.21;6.49;30.9047619;7135682.348;730172.836
20;0.08;3.12;39;7135679.207;730532.711
20;0.11;2.95;26.81818182;7135682.362;734378.529
20;0.07;1.95;27.85714286;7135678.624;734732.261
20;0.11;2.77;25.18181818;7135325.87;729133.54
20;0.05;1.41;28.2;7135332.129;734378.53
20;0.06;1.53;25.5;7135331.168;734730.088
20;0.03;1.42;47.33333333;7134981.878;728081.832
20;0.27;9.06;33.55555556;7134981.553;728430.897
20;0.05;1.72;34.4;7134983.58;730882.686
20;0.09;2.6;28.88888889;7134986.681;731229.118
20;0.13;3.32;25.53846154;7134987.413;732279.374
20;0.04;1.29;32.25;7134964.781;733681.325
20;0.03;0.77;25.66666667;7134987.059;734029.407
20;0.04;0.98;24.5;7134983.541;735086.565
20;0.1;2.59;25.9;7134630.07;729477.999
20;0.12;3.47;28.91666667;7134631.245;729834.803
20;0.03;0.84;28;7134635.787;731226.406
20;0.14;3.34;23.85714286;7134631.513;732630.067
20;0.03;0.93;31;7134643.946;734041.543
20;0.03;0.4;13.33333333;7134626.668;735083.106
20;0.03;0.7;23.33333333;7134272.809;728779.12
20;0.09;1.91;21.22222222;7134288.462;732975.964
20;0.19;4.72;24.84210526;7134283.302;733329.635
20;0.08;2.17;27.125;7134281.646;734729.937
20;0.05;0.94;18.8;7134280.652;735778.924
20;0.04;1.19;29.75;7133930.646;728783.227
20;0.1;2.69;26.9;7133931.857;730176.628
20;0.03;0.63;21;7133933.131;732984.2
20;0.04;0.94;23.5;7133933.798;735780.128
20;0.03;0.62;20.66666667;7133580.27;728079.307
20;0.04;1.15;28.75;7133577.408;728431.301
20;0.08;2.88;36;7133581.272;733677.059
20;0.04;0.9;22.5;7133581.407;734031.549
20;0.16;6.62;41.375;7133581.587;735079.572
20;0.03;1.23;41;7133577.628;735431.417
20;0.12;2.93;24.41666667;7133583.721;736483.503
20;0.11;2.31;21;7133234.071;728432.386
20;0.14;3.73;26.64285714;7133233.194;735083.716
20;0.03;0.73;24.33333333;7133230.314;735431.616
20;0.06;1.8;30;7133230.338;736482.569
20;0.05;1;20;7132886.845;730183.833
20;0.08;2.59;32.375;7132877.386;730525.835
20;0.05;0.72;14.4;7132882.195;732979.121
20;0.06;0.86;14.33333333;7132886.77;733334.965
20;0.05;0.5;10;7132885.209;734377.227
20;0.07;1.79;25.57142857;7132886.207;736127.745
20;0.08;1.43;17.875;7132531.276;730180.416
20;0.07;1.21;17.28571429;7132522.897;734385.255
20;0.06;1.85;30.83333333;7132536.328;735779.722
20;0.04;0.87;21.75;7132187.065;732286.043
20;0.03;0.37;12.33333333;7132183.145;733679.468
20;0.05;0.97;19.4;7132177.652;735080.94
20;0.1;2.44;24.4;7132179.211;735454.614
20;0.04;0.65;16.25;7131834.472;730871.567
20;0.04;1.28;32;7134633.167;733677.66
20;0.03;0.68;22.66666667;7131831.51;731228.335
20;0.06;0.97;16.16666667;7131829.063;733679.672
20;0.07;2.3;32.85714286;7131831.816;734030.064
20;0.11;2.5;22.72727273;7131836.105;735424.707
20;0.02;0.31;15.5;7131478.449;730527.381
20;0.03;0.57;19;7131486.775;731578.015
20;0.03;0.73;24.33333333;7131482.309;731930.188
20;0.03;0.64;21.33333333;7131477.171;734379.544
20;0.07;2.04;29.14285714;7131485.971;735779.221
20;0.01;0.18;18;7131132.309;730177.252
20;0.02;0.36;18;7131128.669;731584.864
20;0.06;1.07;17.83333333;7131132.483;731931.373
10;0.05;1.27;25.4;7131130.472;732982.991
20;0.08;1.14;14.25;7131138.107;734364.881
20;0.05;0.79;15.8;7131132.366;734737.198
20;0.03;0.57;19;7131130.178;736130.255
20;0.04;0.56;14;7130782.147;730878.533
20;0.04;0.71;17.75;7130779.768;733680.768
20;0.03;0.66;22;7130778.194;735431.235
20;0.03;0.41;13.66666667;7130429.85;730879.456
20;0.06;1.3;21.66666667;7130431.181;731229.983
20;0.04;0.81;20.25;7130431.944;732283.39
20;0.04;0.67;16.75;7130430.83;732633.766
20;0.03;0.77;25.66666667;7130430.452;733681.564
20;0.03;0.47;15.66666667;7130431.052;735079.63
20;0.03;0.69;23;7130433.72;735428.337
20;0.1;3.43;34.3;7130082.7;730176.519
20;0.08;1.9;23.75;7130079.839;730528.453
20;0.06;1.81;30.16666667;7130082.508;731576.77
20;0.02;0.54;27;7130080.332;731926.787
20;0.04;0.87;21.75;7130084.585;732980.328
20;0.05;1.18;23.6;7130083.168;733329.549
20;0.04;0.28;7;7130082.637;734380.942
20;0.02;0.35;17.5;7130079.688;734728.667
20;0.1;3.37;33.7;7129730.865;730177.102
20;0.08;2.63;32.875;7129731.424;730531.668
20;0.05;1.77;35.4;7129729.836;731577.961
20;0.16;5;31.25;7129729.804;731931.474
20;0.06;1.43;23.83333333;7129729.477;732980.373
20;0.05;1.22;24.4;7129381.574;730876.914
20;0.03;0.73;24.33333333;7129382.184;735081.428
20;0.25;5.4;21.6;7129384.303;735432.324
20;0.05;1.52;30.4;7129032.622;735083.226
20;0.05;1.63;32.6;7127982.483;734033.41
20;0.12;6.39;53.25;7127984.549;735080.133
20;0.08;1.89;23.625;7136028.994;732273.975
20;0.05;1.39;27.8;7135679.798;727380.354
20;0.08;1.95;24.375;7135327.603;732982.049
20;0.04;0.96;24;7134627.205;728076.956
20;0.08;2.86;35.75;7134633.8;728432.239
20;0.1;2.56;25.6;7134632.302;730885.808
20;0.13;3.86;29.69230769;7134279.832;729131.21
20;0.05;1.28;25.6;7133927.866;733329.217
65;0.02;0.21;10.5;7138483.695;732631.472
65;0.01;0.18;18;7138133.424;732280.852
65;0.02;0.33;16.5;7138135.675;733678.22
65;0.01;0.31;31;7137779.8;732982.17
65;0.02;0.54;27;7137775.302;734368.856
65;0.01;0.26;26;7137432.667;731924.401
65;0.02;0.38;19;7137432.873;732993.875
65;0.01;0.25;25;7137434.02;733312.608
65;0.02;0.51;25.5;7137431.299;734378.933
65;0.01;0.34;34;7137080.836;730877.995
65;0.01;0.09;9;7137088.151;731936.199
65;0.01;0.15;15;7137081.485;732280.286
65;0.07;2.01;28.7;7137080.573;733679.129
65;0.02;0.37;18.5;7137088.87;734029.077
65;0.01;0.26;26;7137082.223;734378.245
65;0.07;2.56;36.6;7136738.183;729829.802
65;0.01;0.29;29;7136740.304;731224.918
65;0.02;0.39;19.5;7136734.163;731583.743
65;0.02;0.43;21.5;7136738.105;732276.898
65;0.02;0.37;18.5;7136729.434;734032.089
65;0.01;0.33;33;7136733.117;734380.683
65;0.02;0.33;16.5;7136377.567;729479.418
65;0.02;0.8;40;7136380.792;730174.837
65;0.02;0.23;11.5;7136380.949;734734.5
65;0.04;1.04;26;7136030.51;727381.114
65;0.01;0.21;21;7136036.643;730530.59
65;0.01;0.18;18;7136034.896;732980.404
65;0.01;0.33;33;7136031.537;733331.059
65;0.01;0.41;41;7135682.16;729478.274
65;0.02;0.57;28.5;7135682.235;729830.516
65;0.01;0.31;31;7135683.977;731237.042
65;0.01;0.23;23;7135683.262;731581.976
65;0.03;0.66;22;7135685.066;731933.321
65;0.02;0.35;17.5;7135685.023;732282.698
65;0.04;1.01;25.3;7135682.996;732633.623
65;0.01;0.08;8;7135677.187;733680.288
65;0.01;0.12;12;7135683.327;734030.498
65;0.02;0.57;28.5;7135334.096;729478.407
65;0.01;0.23;23;7135338.588;732280.594
65;0.04;1.34;33.5;7135328.897;732635.371
65;0.01;0.09;9;7135328.08;733680.821
65;0.01;0.2;20;7135330.577;734025.028
65;0.03;0.41;13.7;7135351.675;735428.472
65;0.02;0.21;10.5;7134980.251;727381.779
65;0.03;0.48;16;7134982.976;727725.068
65;0.04;1.31;32.8;7134981.239;728780.223
65;0.01;0.29;29;7134982.384;729127.849
65;0.02;0.67;33.5;7134979.224;732979.309
65;0.04;0.98;24.5;7134984.011;734377.015
65;0.02;0.42;21;7134982.361;734732.519
65;0.01;0.31;31;7134983.717;735782.45
65;0.02;0.33;16.5;7134631.282;727381.978
65;0.01;0.28;28;7134631.875;727727.57
65;0.02;0.68;34;7134631.009;728779.691
65;0.01;0.33;33;7134631.799;729133.342
65;0.01;0.27;27;7134629.639;730179.322
65;0;0.11;NA;7134632.81;731571.93
65;0.02;0.5;25;7134630.612;732981.952
65;0.01;0.36;36;7134628.006;733333.377
65;0.04;1.24;31;7134626.777;735768.299
65;0.05;1.18;23.6;7134280.982;727730.294
65;0.01;0.31;31;7134281.586;728080.971
65;0.01;0.24;24;7134275.298;728428.778
65;0.01;0.29;29;7134281.092;730882.544
65;0.01;0.29;29;7134279.03;731222.068
65;0.02;0.68;34;7134286.336;731930.622
65;0.02;0.61;30.5;7134277.928;732277.009
65;0.03;0.78;26;7134278.794;733685.349
65;0.04;0.99;24.8;7134283.796;734033.112
65;0.01;0.15;15;7134281.941;735436.425
65;0.01;0.15;15;7133934.105;727030.635
65;0.02;0.4;20;7133921.785;728082.498
65;0.02;0.58;29;7133931.24;729830.999
65;0.01;0.42;42;7133930.484;731230.02
65;0.01;0.3;30;7133929.849;731582.081
65;0.02;0.6;30;7133932.606;731936.463
65;0.03;0.88;29.3;7133928.935;732634.392
65;0.02;0.78;39;7133930.214;733689.269
65;0.01;0.2;20;7133931.208;735085.369
65;0.03;0.7;23.3;7133931.387;736485.276
65;0.01;0.43;43;7133576.358;728776.144
65;0.07;1.31;18.7;7133579.844;729133.506
65;0.03;0.95;31.7;7133579.641;730533.869
65;0.01;0.18;18;7133583.53;730879.925
65;0.02;0.48;24;7133586.555;731226.988
65;0.04;1.28;32;7133582.162;731577.026
65;0.04;1.3;32.5;7133579.087;731933.101
65;0.01;0.33;33;7133593.27;732973.851
65;0.04;1.29;32.3;7133572.514;733332.604
65;0.02;0.76;38;7133589.944;734736.639
65;0.03;0.75;25;7133584.845;736130.614
65;0.01;0.57;57;7133231.917;729479.895
65;0.02;0.36;18;7133227.676;730179.602
65;0.01;0.31;31;7133227.538;730882.06
65;0.02;0.5;25;7133233.649;731232.186
65;0.01;0.33;33;7133204.258;731611.094
65;0.03;0.87;29;7133224.315;732279.272
65;0.01;0.19;19;7133234.126;733326.016
65;0.08;2.56;32;7133232.641;733680.573
65;0.01;0.38;38;7133236.881;735782.295
65;0.02;0.36;18;7132883.626;729831.377
65;0.01;0.35;35;7132882.08;731229.808
65;0.01;0.15;15;7132883.287;731578.159
65;0.03;0.42;14;7132880.565;731935.495
65;0.01;0.3;30;7132884.035;732277.414
65;0.02;0.27;13.5;7132877.314;732632.972
65;0.02;0.2;10;7132530.872;729482.831
65;0.03;0.3;10;7132534.834;729833.045
65;0.04;1.01;25.3;7132533.354;730880.151
65;0.02;0.6;30;7132529.488;731227.832
65;0.03;0.93;31;7132529.63;731581.177
65;0.01;0.16;16;7132535.864;731928.16
65;0.01;0.13;13;7132528.151;732279.73
65;0.03;0.21;7;7132532.438;732628.812
65;0.03;0.26;8.7;7132530.056;733682.465
65;0.05;0.64;12.8;7132532.311;734031.344
65;0.03;0.29;9.7;7132182.223;731579.302
65;0.01;0.22;22;7132180.344;731932.458
65;0.02;0.18;9;7132182.979;732982.304
65;0.03;0.25;8.3;7132186.76;733331.292
65;0.03;0.21;7;7132175.543;734386.939
65;0.02;0.15;7.5;7132189.692;734710.538
65;0.01;0.29;29;7132180.57;735781.509
65;0.02;0.23;11.5;7131828.784;730177.873
65;0.01;0.08;8;7131823.537;731577.724
65;0.01;0.06;6;7131833.152;731928.569
65;0.02;0.39;19.5;7131824.163;732979.017
65;0.01;0.1;10;7131839.415;734380.606
65;0.05;1.68;33.6;7129733.321;732628.713
65;0.01;0.06;6;7131490.936;730881.776
65;0.01;0.07;7;7131479.747;731230.743
65;0.01;0.09;9;7131481.41;732278.391
65;0.02;0.09;4.5;7131484.966;732633.028
65;0.01;0.19;19;7131482.02;734032.546
65;0.01;0.09;9;7131480.374;735079.501
65;0.02;0.21;10.5;7131138.837;731234.468
65;0.03;0.26;8.7;7131130.888;732280.222
65;0.01;0.1;10;7131142.539;733680.999
65;0.04;0.22;5.5;7131130.636;734026.951
65;0.06;1.63;27.2;7131129.72;735429.805
65;0;0.06;NA;7130776.267;729831.519
65;0.02;0.34;17;7130777.346;730178.642
65;0.02;0.23;11.5;7130788.309;730538.104
65;0.02;0.28;14;7130782.748;731578.179
65;0.02;0.19;9.5;7130782.523;731934.504
65;0.03;0.17;5.7;7130782.312;733331.039
65;0.03;0.19;6.3;7130781.607;734382.123
65;0.01;0.12;12;7130780.96;734730.833
65;0.05;1.05;21;7130782.645;735778.404
65;0;0.09;NA;7130431.066;730181.297
65;0.02;0.17;8.5;7130427.434;730525.962
65;0.01;0.12;12;7130429.446;731581.77
65;0.02;0.68;34;7130429.528;731929.796
65;0.03;0.28;9.3;7130430.196;732976.239
65;0.04;0.52;13;7130429.92;733329.944
65;0.03;0.19;6.3;7130428.14;734379.664
65;0.03;0.21;7;7130427.422;734729.191
65;0.03;0.5;16.7;7130435.704;735772.723
65;0.02;0.32;16;7130083.767;730882.685
65;0.01;0.16;16;7130083.424;731229.77
65;0.03;0.61;20.3;7130076.933;732277.493
65;0.05;0.75;15;7130080.551;733678.794
65;0.03;0.59;19.7;7130082.429;734028.075
65;0.03;0.26;8.7;7130081.203;735077.931
65;0;0.05;NA;7130082.779;735431.108
65;0.02;0.42;21;7130069.659;735780.147
65;0.06;1.94;32.3;7130081.14;736136.945
65;0.02;0.39;19.5;7130086.164;736492.783
65;0.01;0.1;10;7129731.594;730880.065
65;0.03;0.22;7.3;7129732.856;731230.72
65;0.12;2.96;24.7;7129732.793;732280.5
65;0.02;0.39;19.5;7129730.698;733678.339
65;0.01;0.22;22;7129734.071;734028.011
65;0;0.07;NA;7129735.813;735081.25
65;0;0.06;NA;7129733.02;735431.166
65;0.01;0.21;21;7129728.786;735771.216
65;0.01;0.27;27;7129383.515;730529.537
65;0.02;0.44;22;7129379.655;733328.932
65;0.01;0.08;8;7129383.082;735781.155
65;0.03;0.75;25;7129032.972;730878.313
65;0.04;1.19;29.8;7129028.418;734728.613
65;0.01;0.1;10;7129034.116;735782.39
65;0.02;0.46;23;7129032.066;736129.927
65;0.02;0.44;22;7128681.078;733684.961
65;0.05;1.3;26;7128687.695;734035.137
65;0.01;0.25;25;7128685.322;735083.353
65;0.01;0.12;12;7128682.303;735430.8
65;0.02;0.22;11;7128682.011;735789.567
65;0.02;0.16;8;7128685.594;736131.768
65;0.03;0.48;16;7128331.229;735080.598
65;0.03;0.62;20.7;7128333.12;735781.338
65;0.02;0.81;40.5;7127983.019;734716.799
65;0.02;0.37;18.5;7127986.143;735780.773
65;0.01;0.07;7;7127984.32;736140.935
65;0.04;1.29;32.3;7127622.47;734381.138
65;0.05;1.25;25;7127637.293;734729.557
65;0.01;0.38;38;7136035.145;730879.434
65;0.03;0.78;26;7136028.994;732273.975
65;0.01;0.28;28;7135679.798;727380.354
65;0.02;0.38;19;7135332.129;734378.53
65;0.03;0.39;13;7134982.07;735420.05
65;0.01;0.34;34;7134630.07;729477.999
65;0.01;0.41;41;7134626.668;735083.106
65;0.05;1.51;30.2;7134626.796;735433.169
65;0.02;0.44;22;7134272.809;728779.12
65;0.02;0.46;23;7134279.832;729131.21
65;0.03;0.68;22.7;7134288.462;732975.964
65;0.01;0.46;46;7134283.302;733329.635
65;0.02;0.5;25;7134281.646;734729.937
65;0.01;0.11;11;7133930.646;728783.227
65;0.02;0.39;19.5;7133931.857;730176.628
65;0.03;0.75;25;7133933.131;732984.2
65;0.02;0.51;25.5;7133927.866;733329.217
65;0.01;0.2;20;7133933.798;735780.128
65;0.01;0.38;38;7133580.27;728079.307
65;0.01;0.39;39;7133577.408;728431.301
65;0.02;0.64;32;7133581.272;733677.059
65;0.01;0.18;18;7133581.407;734031.549
65;0.04;1.51;37.8;7133581.587;735079.572
65;0.03;0.92;30.7;7133577.628;735431.417
65;0.03;0.26;8.7;7133234.071;728432.386
65;0.02;0.44;22;7133225.33;734040.027
65;0.01;0.36;36;7133230.314;735431.616
65;0.01;0.23;23;7133230.338;736482.569
65;0.04;1.16;29;7132877.386;730525.835
65;0.02;0.16;8;7132882.195;732979.121
65;0.03;0.27;9;7132886.77;733334.965
65;0.03;0.19;6.3;7132885.209;734377.227
65;0.02;0.53;26.5;7132886.207;736127.745
65;0.01;0.11;11;7132531.276;730180.416
65;0.06;0.83;13.8;7132522.897;734385.255
65;0.01;0.31;31;7132536.328;735779.722
65;0.01;0.11;11;7132187.065;732286.043
65;0.01;0.14;14;7132183.145;733679.468
65;0.01;0.25;25;7132177.652;735080.94
65;0.02;0.51;25.5;7132179.211;735454.614
65;0.02;0.16;8;7131831.488;729827.603
65;0.01;0.12;12;7131834.472;730871.567
65;0.01;0.04;4;7131831.51;731228.335
65;0.01;0.13;13;7131829.063;733679.672
65;0.01;0.32;32;7131831.816;734030.064
65;0.03;0.71;23.7;7131836.105;735424.707
65;0.01;0.06;6;7131478.449;730527.381
65;0.01;0.11;11;7131486.775;731578.015
65;0.01;0.05;5;7131482.309;731930.188
65;0.01;0.17;17;7131479.313;733330.582
65;0.02;0.23;11.5;7131477.171;734379.544
65;0.01;0.34;34;7131485.971;735779.221
65;0;0.06;NA;7131132.309;730177.252
65;0.01;0.05;5;7131128.669;731584.864
65;0.02;0.29;14.5;7131132.483;731931.373
65;0.01;0.07;7;7131130.472;732982.991
65;0.02;0.19;9.5;7131127.927;733328.184
65;0.03;0.21;7;7131138.107;734364.881
65;0.03;0.2;6.7;7131132.366;734737.198
65;0.02;0.45;22.5;7131130.178;736130.255
65;0.02;0.18;9;7130782.147;730878.533
65;0.01;0.07;7;7130779.768;733680.768
65;0.01;0.21;21;7130778.194;735431.235
65;0.01;0.1;10;7130429.85;730879.456
65;0.02;0.19;9.5;7130431.181;731229.983
65;0.02;0.25;12.5;7130431.944;732283.39
65;0.02;0.18;9;7130430.83;732633.766
65;0.02;0.18;9;7130430.452;733681.564
65;0.03;0.18;6;7130431.052;735079.63
65;0.03;0.19;6.3;7130433.72;735428.337
65;0.03;0.47;15.7;7130079.839;730528.453
65;0.01;0.16;16;7130082.508;731576.77
65;0.01;0.33;33;7130080.332;731926.787
65;0.02;0.52;26;7130084.585;732980.328
65;0.04;1.13;28.3;7130083.168;733329.549
65;0.04;0.23;5.8;7130082.637;734380.942
65;0.01;0.18;18;7130079.688;734728.667
65;0.01;0.36;36;7129731.424;730531.668
65;0.01;0.3;30;7129729.836;731577.961
65;0.01;0.16;16;7129729.396;734729.393
65;0.01;0.22;22;7129381.348;733683.208
65;0.01;0.14;14;7129382.184;735081.428
65;0.04;0.7;17.5;7129384.303;735432.324
65;0.02;0.54;27;7129028.4;733681.35
65;0.01;0.31;31;7129031.449;734029.522
65;0.02;0.44;22;7129032.622;735083.226
65;0.01;0.25;25;7128680.029;734376.634
65;0.01;0.28;28;7128329.887;734717.649
65;0.01;0.19;19;7127982.483;734033.41
65;0.09;3.96;44;7127984.549;735080.133
